<?xml version='1.0' encoding='UTF-8' standalone='no'?>
<doxygen xmlns:xsi="http://www.w3.org/2001/XMLSchema-instance" xsi:noNamespaceSchemaLocation="compound.xsd" version="1.8.11">
  <compounddef id="imagen_8h" kind="file" language="C++">
    <compoundname>imagen.h</compoundname>
    <includes local="no">iostream</includes>
    <includes refid="imagenES_8h" local="yes">imagenES.h</includes>
    <includedby refid="imagen_8cpp" local="yes">imagen.cpp</includedby>
    <includedby refid="main__imagen_8cpp" local="yes">main_imagen.cpp</includedby>
    <incdepgraph>
      <node id="8">
        <label>imagenES.h</label>
        <link refid="imagenES_8h"/>
      </node>
      <node id="6">
        <label>imagen.h</label>
        <link refid="imagen.h"/>
        <childnode refid="7" relation="include">
        </childnode>
        <childnode refid="8" relation="include">
        </childnode>
      </node>
      <node id="7">
        <label>iostream</label>
      </node>
    </incdepgraph>
    <invincdepgraph>
      <node id="11">
        <label>main_imagen.cpp</label>
        <link refid="main__imagen_8cpp"/>
      </node>
      <node id="9">
        <label>imagen.h</label>
        <link refid="imagen.h"/>
        <childnode refid="10" relation="include">
        </childnode>
        <childnode refid="11" relation="include">
        </childnode>
      </node>
      <node id="10">
        <label>imagen.cpp</label>
        <link refid="imagen_8cpp"/>
      </node>
    </invincdepgraph>
    <innerclass refid="classImagen" prot="public">Imagen</innerclass>
      <sectiondef kind="typedef">
      <memberdef kind="typedef" id="imagen_8h_1a0c8186d9b9b7880309c27230bbb5e69d" prot="public" static="no">
        <type>unsigned char</type>
        <definition>typedef unsigned char byte</definition>
        <argsstring></argsstring>
        <name>byte</name>
        <briefdescription>
<para>byte tipo de dato a tratar en los pixeles </para>        </briefdescription>
        <detaileddescription>
        </detaileddescription>
        <inbodydescription>
        </inbodydescription>
        <location file="imagen.h" line="18" column="1" bodyfile="imagen.h" bodystart="18" bodyend="-1"/>
      </memberdef>
      </sectiondef>
    <briefdescription>
<para>Fichero cabecera del TDA <ref refid="classImagen" kindref="compound">Imagen</ref>. </para>    </briefdescription>
    <detaileddescription>
    </detaileddescription>
    <programlisting>
<codeline lineno="1"></codeline>
<codeline lineno="7"><highlight class="preprocessor">#ifndef<sp/>__IMAGEN__</highlight><highlight class="normal"></highlight></codeline>
<codeline lineno="8"><highlight class="normal"></highlight><highlight class="preprocessor">#define<sp/>__IMAGEN__</highlight><highlight class="normal"></highlight></codeline>
<codeline lineno="9"><highlight class="normal"></highlight></codeline>
<codeline lineno="10"><highlight class="normal"></highlight><highlight class="preprocessor">#include<sp/>&lt;iostream&gt;</highlight><highlight class="normal"></highlight></codeline>
<codeline lineno="11"><highlight class="normal"></highlight><highlight class="preprocessor">#include<sp/>&quot;<ref refid="imagenES_8h" kindref="compound">imagenES.h</ref>&quot;</highlight><highlight class="normal"></highlight></codeline>
<codeline lineno="12"><highlight class="normal"></highlight></codeline>
<codeline lineno="13"><highlight class="normal"></highlight><highlight class="keyword">using<sp/>namespace<sp/></highlight><highlight class="normal"><ref refid="namespacestd" kindref="compound">std</ref>;</highlight></codeline>
<codeline lineno="14"><highlight class="normal"></highlight></codeline>
<codeline lineno="18" refid="imagen_8h_1a0c8186d9b9b7880309c27230bbb5e69d" refkind="member"><highlight class="keyword">typedef</highlight><highlight class="normal"><sp/></highlight><highlight class="keywordtype">unsigned</highlight><highlight class="normal"><sp/></highlight><highlight class="keywordtype">char</highlight><highlight class="normal"><sp/><ref refid="imagen_8h_1a0c8186d9b9b7880309c27230bbb5e69d" kindref="member">byte</ref>;</highlight></codeline>
<codeline lineno="30" refid="classImagen" refkind="compound"><highlight class="keyword">class<sp/></highlight><highlight class="normal"><ref refid="classImagen" kindref="compound">Imagen</ref>{</highlight></codeline>
<codeline lineno="31"><highlight class="normal"></highlight></codeline>
<codeline lineno="32"><highlight class="normal"></highlight><highlight class="keyword">private</highlight><highlight class="normal">:</highlight></codeline>
<codeline lineno="50"><highlight class="normal"><sp/><sp/></highlight><highlight class="keywordtype">int</highlight><highlight class="normal"><sp/>filas;</highlight></codeline>
<codeline lineno="51"><highlight class="normal"><sp/><sp/></highlight><highlight class="keywordtype">int</highlight><highlight class="normal"><sp/>columnas;</highlight></codeline>
<codeline lineno="52"><highlight class="normal"><sp/><sp/></highlight><highlight class="keywordtype">unsigned</highlight><highlight class="normal"><sp/></highlight><highlight class="keywordtype">char</highlight><highlight class="normal"><sp/>**imagen;</highlight></codeline>
<codeline lineno="53"><highlight class="normal"></highlight></codeline>
<codeline lineno="54"><highlight class="normal"></highlight><highlight class="keyword">public</highlight><highlight class="normal">:</highlight></codeline>
<codeline lineno="55"><highlight class="normal"></highlight></codeline>
<codeline lineno="59"><highlight class="normal"><sp/><sp/><ref refid="classImagen" kindref="compound">Imagen</ref>();</highlight></codeline>
<codeline lineno="68"><highlight class="normal"><sp/><sp/><ref refid="classImagen" kindref="compound">Imagen</ref>(</highlight><highlight class="keywordtype">int</highlight><highlight class="normal"><sp/>f,<sp/></highlight><highlight class="keywordtype">int</highlight><highlight class="normal"><sp/>c);</highlight></codeline>
<codeline lineno="69"><highlight class="normal"></highlight></codeline>
<codeline lineno="70"><highlight class="normal"></highlight></codeline>
<codeline lineno="76"><highlight class="normal"><sp/><sp/><ref refid="classImagen" kindref="compound">Imagen</ref><sp/>(</highlight><highlight class="keyword">const</highlight><highlight class="normal"><sp/><ref refid="classImagen" kindref="compound">Imagen</ref>&amp;<sp/>c);</highlight></codeline>
<codeline lineno="77"><highlight class="normal"></highlight></codeline>
<codeline lineno="82"><highlight class="normal"><sp/><sp/>~<ref refid="classImagen" kindref="compound">Imagen</ref>();<sp/><sp/></highlight></codeline>
<codeline lineno="83"><highlight class="normal"></highlight></codeline>
<codeline lineno="88" refid="classImagen_1a56e4e6b003149ea2bc9dfecf09b22d5a" refkind="member"><highlight class="normal"><sp/><sp/></highlight><highlight class="keywordtype">int</highlight><highlight class="normal"><sp/><ref refid="classImagen_1a56e4e6b003149ea2bc9dfecf09b22d5a" kindref="member">num_filas</ref>()</highlight><highlight class="keyword"><sp/>const</highlight><highlight class="normal">{</highlight><highlight class="keywordflow">return</highlight><highlight class="normal"><sp/>filas;};</highlight></codeline>
<codeline lineno="89"><highlight class="normal"></highlight></codeline>
<codeline lineno="94" refid="classImagen_1a29f1a1d6a8b9afb41036d76e9d64d4eb" refkind="member"><highlight class="normal"><sp/><sp/></highlight><highlight class="keywordtype">int</highlight><highlight class="normal"><sp/><ref refid="classImagen_1a29f1a1d6a8b9afb41036d76e9d64d4eb" kindref="member">num_columnas</ref>()</highlight><highlight class="keyword">const<sp/></highlight><highlight class="normal">{</highlight><highlight class="keywordflow">return</highlight><highlight class="normal"><sp/>columnas;};</highlight></codeline>
<codeline lineno="95"><highlight class="normal"></highlight></codeline>
<codeline lineno="96"><highlight class="normal"></highlight></codeline>
<codeline lineno="105"><highlight class="normal"><sp/><sp/></highlight><highlight class="keywordtype">void</highlight><highlight class="normal"><sp/>asigna_pixel(</highlight><highlight class="keywordtype">int</highlight><highlight class="normal"><sp/>f,<sp/></highlight><highlight class="keywordtype">int</highlight><highlight class="normal"><sp/>c,<sp/></highlight><highlight class="keywordtype">unsigned</highlight><highlight class="normal"><sp/></highlight><highlight class="keywordtype">char</highlight><highlight class="normal"><sp/>valor);</highlight></codeline>
<codeline lineno="106"><highlight class="normal"></highlight></codeline>
<codeline lineno="115"><highlight class="normal"><sp/><sp/></highlight><highlight class="keywordtype">unsigned</highlight><highlight class="normal"><sp/></highlight><highlight class="keywordtype">char</highlight><highlight class="normal"><sp/>consultar_pixel(</highlight><highlight class="keywordtype">int</highlight><highlight class="normal"><sp/>f,<sp/></highlight><highlight class="keywordtype">int</highlight><highlight class="normal"><sp/>c)</highlight><highlight class="keyword">const</highlight><highlight class="normal">;</highlight></codeline>
<codeline lineno="116"><highlight class="normal"></highlight></codeline>
<codeline lineno="122"><highlight class="normal"><sp/><sp/></highlight><highlight class="keywordtype">bool</highlight><highlight class="normal"><sp/>CargarImagen(</highlight><highlight class="keyword">const</highlight><highlight class="normal"><sp/></highlight><highlight class="keywordtype">char</highlight><highlight class="normal"><sp/>*<sp/>n);</highlight></codeline>
<codeline lineno="123"><highlight class="normal"></highlight></codeline>
<codeline lineno="129"><highlight class="normal"><sp/><sp/></highlight><highlight class="keywordtype">bool</highlight><highlight class="normal"><sp/>GuardarImagen(</highlight><highlight class="keyword">const</highlight><highlight class="normal"><sp/></highlight><highlight class="keywordtype">char</highlight><highlight class="normal"><sp/>*nombre);</highlight></codeline>
<codeline lineno="130"><highlight class="normal"></highlight></codeline>
<codeline lineno="136"><highlight class="normal"><sp/><sp/><ref refid="classImagen" kindref="compound">Imagen</ref><sp/>&amp;<sp/>operator=(</highlight><highlight class="keyword">const</highlight><highlight class="normal"><sp/><ref refid="classImagen" kindref="compound">Imagen</ref><sp/>&amp;I);</highlight></codeline>
<codeline lineno="137"><highlight class="normal"></highlight></codeline>
<codeline lineno="142"><highlight class="keywordtype">void</highlight><highlight class="normal"><sp/>ImprimirImagen();</highlight></codeline>
<codeline lineno="143"><highlight class="normal"></highlight></codeline>
<codeline lineno="148"><highlight class="keywordtype">void</highlight><highlight class="normal"><sp/>Borrar();</highlight></codeline>
<codeline lineno="149"><highlight class="normal"></highlight></codeline>
<codeline lineno="150"><highlight class="normal"></highlight><highlight class="preprocessor">#endif</highlight><highlight class="normal"></highlight></codeline>
<codeline lineno="151"><highlight class="normal">};</highlight></codeline>
    </programlisting>
    <location file="imagen.h"/>
  </compounddef>
</doxygen>
