<?xml version='1.0' encoding='UTF-8' standalone='no'?>
<doxygenindex xmlns:xsi="http://www.w3.org/2001/XMLSchema-instance" xsi:noNamespaceSchemaLocation="index.xsd" version="1.8.11">
  <compound refid="classImagen" kind="class"><name>Imagen</name>
    <member refid="classImagen_1a7f15719f14cd934dfcbd68c287bbbe8b" kind="variable"><name>filas</name></member>
    <member refid="classImagen_1af63de0598ca965ab3a30b54ee7e2cedc" kind="variable"><name>columnas</name></member>
    <member refid="classImagen_1af87ad35eb487d75737cb6bed9cc69c44" kind="variable"><name>imagen</name></member>
    <member refid="classImagen_1ab2e649aa7a105155c7bfdb846abf0528" kind="function"><name>Imagen</name></member>
    <member refid="classImagen_1a4b397c4a3dc0794cab351f96dc9390fd" kind="function"><name>Imagen</name></member>
    <member refid="classImagen_1a54409a67f46c3a231ab65536395dd37c" kind="function"><name>Imagen</name></member>
    <member refid="classImagen_1a03dd93c9cf920a9dc0b72f8bd34f2e8a" kind="function"><name>~Imagen</name></member>
    <member refid="classImagen_1a56e4e6b003149ea2bc9dfecf09b22d5a" kind="function"><name>num_filas</name></member>
    <member refid="classImagen_1a29f1a1d6a8b9afb41036d76e9d64d4eb" kind="function"><name>num_columnas</name></member>
    <member refid="classImagen_1a53f60c37b92d9961db30458f03f8d9c7" kind="function"><name>asigna_pixel</name></member>
    <member refid="classImagen_1a8fe4f4dc11128b6f534fed35751d7bef" kind="function"><name>consultar_pixel</name></member>
    <member refid="classImagen_1ae315b88ee45fbfccc4ae204c79834f0c" kind="function"><name>CargarImagen</name></member>
    <member refid="classImagen_1a0fc6e5dceec4d621041299fd12e017c4" kind="function"><name>GuardarImagen</name></member>
    <member refid="classImagen_1aeecce0f8947fbefd2468e8b43ac33f4a" kind="function"><name>operator=</name></member>
    <member refid="classImagen_1a8c712214be8d39993f18726e81b18048" kind="function"><name>ImprimirImagen</name></member>
    <member refid="classImagen_1a8bcdb6302f3d1f9ad74e53eb9fb78eec" kind="function"><name>Borrar</name></member>
  </compound>
  <compound refid="namespacestd" kind="namespace"><name>std</name>
  </compound>
  <compound refid="imagen_8cpp" kind="file"><name>imagen.cpp</name>
  </compound>
  <compound refid="imagen_8h" kind="file"><name>imagen.h</name>
    <member refid="imagen_8h_1a0c8186d9b9b7880309c27230bbb5e69d" kind="typedef"><name>byte</name></member>
  </compound>
  <compound refid="imagenES_8cpp" kind="file"><name>imagenES.cpp</name>
    <member refid="imagenES_8cpp_1a16834dd3756f7baf1e5ef710ad7b0e3b" kind="function"><name>LeerTipo</name></member>
    <member refid="imagenES_8cpp_1acaa5fb277940aceed29f86c093a3d89c" kind="function"><name>LeerTipoImagen</name></member>
    <member refid="imagenES_8cpp_1ab090ad072f47dc1ffcfcb900c3334936" kind="function"><name>SaltarSeparadores</name></member>
    <member refid="imagenES_8cpp_1a0e193b2477b18f021255d69362992859" kind="function"><name>LeerCabecera</name></member>
    <member refid="imagenES_8cpp_1a05aea20533de5bbd02789f76aafbb99b" kind="function"><name>LeerImagenPPM</name></member>
    <member refid="imagenES_8cpp_1a03340a1e1e4a88385c972bb4af463649" kind="function"><name>LeerImagenPGM</name></member>
    <member refid="imagenES_8cpp_1ae149be8653b9f8c7321ac40577e7518c" kind="function"><name>EscribirImagenPPM</name></member>
    <member refid="imagenES_8cpp_1a4b649cc272f02649563791d5ed75b557" kind="function"><name>EscribirImagenPGM</name></member>
  </compound>
  <compound refid="imagenES_8h" kind="file"><name>imagenES.h</name>
    <member refid="imagenES_8h_1a8914f6544a484741b05c092d9e7522ed" kind="enum"><name>TipoImagen</name></member>
    <member refid="imagenES_8h_1a8914f6544a484741b05c092d9e7522eda23c8d70e6eadf2d0d0ee1fd3bb293384" kind="enumvalue"><name>IMG_DESCONOCIDO</name></member>
    <member refid="imagenES_8h_1a8914f6544a484741b05c092d9e7522eda8fbef75c1a0002dd6099c6cc1a43e441" kind="enumvalue"><name>IMG_PGM</name></member>
    <member refid="imagenES_8h_1a8914f6544a484741b05c092d9e7522eda1269c51434b906a7e507f5b49663bf4f" kind="enumvalue"><name>IMG_PPM</name></member>
    <member refid="imagenES_8h_1acaa5fb277940aceed29f86c093a3d89c" kind="function"><name>LeerTipoImagen</name></member>
    <member refid="imagenES_8h_1a05aea20533de5bbd02789f76aafbb99b" kind="function"><name>LeerImagenPPM</name></member>
    <member refid="imagenES_8h_1ae149be8653b9f8c7321ac40577e7518c" kind="function"><name>EscribirImagenPPM</name></member>
    <member refid="imagenES_8h_1a03340a1e1e4a88385c972bb4af463649" kind="function"><name>LeerImagenPGM</name></member>
    <member refid="imagenES_8h_1a4b649cc272f02649563791d5ed75b557" kind="function"><name>EscribirImagenPGM</name></member>
  </compound>
  <compound refid="main__imagen_8cpp" kind="file"><name>main_imagen.cpp</name>
    <member refid="main__imagen_8cpp_1a4c54933c97f5ecf9408bc7937db3c16f" kind="function"><name>CifrarMensaje</name></member>
    <member refid="main__imagen_8cpp_1a232f7d57626743a81aefccc31de93b99" kind="function"><name>LeerMensajeCifrado</name></member>
    <member refid="main__imagen_8cpp_1addc11bf3a0e412893e81e0ce871a85c0" kind="function"><name>AumentarContraste</name></member>
    <member refid="main__imagen_8cpp_1ac48969cfe0b7054b9377ebd33456bd7c" kind="function"><name>umbralizar_escala_grises</name></member>
    <member refid="main__imagen_8cpp_1adb304edc487e23771b1cfa46adee496e" kind="function"><name>umbralizar_automatico</name></member>
    <member refid="main__imagen_8cpp_1a69d82b7373e4ef46f32a4dde37658a2e" kind="function"><name>zoom</name></member>
    <member refid="main__imagen_8cpp_1ac8b8bf38c468a0e2d78e539ce797adf7" kind="function"><name>enmarca_imagen</name></member>
    <member refid="main__imagen_8cpp_1a6fc658a24a0a3b3dc9f1108ce305f31c" kind="function"><name>Icono_Imagen</name></member>
    <member refid="main__imagen_8cpp_1a48f7e45482eae32adb3c1dad0b54c24e" kind="function"><name>negativo</name></member>
    <member refid="main__imagen_8cpp_1a0ddf1224851353fc92bfbff6f499fa97" kind="function"><name>main</name></member>
  </compound>
  <compound refid="Rep" kind="page"><name>Rep</name>
  </compound>
</doxygenindex>
