<?xml version='1.0' encoding='UTF-8' standalone='no'?>
<doxygen xmlns:xsi="http://www.w3.org/2001/XMLSchema-instance" xsi:noNamespaceSchemaLocation="compound.xsd" version="1.8.11">
  <compounddef id="Rep" kind="page">
    <compoundname>Rep</compoundname>
    <title>del TDA Imagen</title>
    <detaileddescription>
<sect1 id="Rep_1Invariante">
<title>de la representación</title>
<para>El invariante es filas&gt;0 y columnas&gt;0 </para></sect1>
    </detaileddescription>
  </compounddef>
</doxygen>
